,Country,Year,Happiness Rank,Happiness Score
152,Afghanistan,2015,153,3.575
153,Afghanistan,2016,154,3.36
108,Albania,2016,109,4.655
94,Albania,2015,95,4.959
37,Algeria,2016,38,6.355
67,Algeria,2015,68,5.605
140,Angola,2016,141,3.866
136,Angola,2015,137,4.033
29,Argentina,2015,30,6.574
25,Argentina,2016,26,6.65
120,Armenia,2016,121,4.36
126,Armenia,2015,127,4.35
9,Australia,2015,10,7.284
8,Australia,2016,9,7.313
12,Austria,2015,13,7.2
11,Austria,2016,12,7.119
80,Azerbaijan,2016,81,5.291
79,Azerbaijan,2015,80,5.212000000000001
48,Bahrain,2015,49,5.96
41,Bahrain,2016,42,6.218
108,Bangladesh,2015,109,4.694
109,Bangladesh,2016,110,4.643
60,Belarus,2016,61,5.8020000000000005
58,Belarus,2015,59,5.813
18,Belgium,2015,19,6.937
17,Belgium,2016,18,6.928999999999999
51,Belize,2016,52,5.956
154,Benin,2015,155,3.34
152,Benin,2016,153,3.484
78,Bhutan,2015,79,5.252999999999999
83,Bhutan,2016,84,5.196000000000001
58,Bolivia,2016,59,5.822
50,Bolivia,2015,51,5.89
86,Bosnia and Herzegovina,2016,87,5.162999999999999
95,Bosnia and Herzegovina,2015,96,4.949
127,Botswana,2015,128,4.332
136,Botswana,2016,137,3.9739999999999998
16,Brazil,2016,17,6.952000000000001
15,Brazil,2015,16,6.983
133,Bulgaria,2015,134,4.218
128,Bulgaria,2016,129,4.217
144,Burkina Faso,2016,145,3.739
151,Burkina Faso,2015,152,3.5869999999999997
156,Burundi,2016,157,2.905
156,Burundi,2015,157,2.905
144,Cambodia,2015,145,3.819
139,Cambodia,2016,140,3.907
132,Cameroon,2015,133,4.252
113,Cameroon,2016,114,4.513
5,Canada,2016,6,7.404
4,Canada,2015,5,7.4270000000000005
147,Central African Republic,2015,148,3.678
148,Chad,2015,149,3.667
143,Chad,2016,144,3.763
26,Chile,2015,27,6.67
23,Chile,2016,24,6.705
82,China,2016,83,5.245
83,China,2015,84,5.14
32,Colombia,2015,33,6.477
30,Colombia,2016,31,6.481
139,Comoros,2015,140,3.9560000000000004
137,Comoros,2016,138,3.9560000000000004
138,Congo (Brazzaville),2015,139,3.989
126,Congo (Brazzaville),2016,127,4.236000000000001
119,Congo (Kinshasa),2015,120,4.5169999999999995
124,Congo (Kinshasa),2016,125,4.272
13,Costa Rica,2016,14,7.087000000000001
11,Costa Rica,2015,12,7.226
73,Croatia,2016,74,5.4879999999999995
61,Croatia,2015,62,5.7589999999999995
68,Cyprus,2016,69,5.546
66,Cyprus,2015,67,5.689
30,Czech Republic,2015,31,6.505
26,Czech Republic,2016,27,6.596
2,Denmark,2015,3,7.527
0,Denmark,2016,1,7.526
125,Djibouti,2015,126,4.369
97,Dominican Republic,2015,98,4.885
88,Dominican Republic,2016,89,5.155
47,Ecuador,2015,48,5.975
50,Ecuador,2016,51,5.976
119,Egypt,2016,120,4.362
134,Egypt,2015,135,4.194
45,El Salvador,2016,46,6.068
41,El Salvador,2015,42,6.13
72,Estonia,2015,73,5.428999999999999
71,Estonia,2016,72,5.517
121,Ethiopia,2015,122,4.512
114,Ethiopia,2016,115,4.508
5,Finland,2015,6,7.406000000000001
4,Finland,2016,5,7.412999999999999
28,France,2015,29,6.575
31,France,2016,32,6.478
142,Gabon,2015,143,3.8960000000000004
133,Gabon,2016,134,4.121
125,Georgia,2016,126,4.252
129,Georgia,2015,130,4.297
15,Germany,2016,16,6.994
25,Germany,2015,26,6.75
123,Ghana,2016,124,4.276
113,Ghana,2015,114,4.633
98,Greece,2016,99,5.033
101,Greece,2015,102,4.857
38,Guatemala,2016,39,6.324
42,Guatemala,2015,43,6.122999999999999
150,Guinea,2016,151,3.6069999999999998
149,Guinea,2015,150,3.656
118,Haiti,2015,119,4.518
135,Haiti,2016,136,4.0280000000000005
104,Honduras,2015,105,4.788
103,Honduras,2016,104,4.871
71,Hong Kong,2015,72,5.474
74,Hong Kong,2016,75,5.457999999999999
90,Hungary,2016,91,5.145
103,Hungary,2015,104,4.8
1,Iceland,2015,2,7.561
2,Iceland,2016,3,7.501
117,India,2016,118,4.404
116,India,2015,117,4.565
78,Indonesia,2016,79,5.314
73,Indonesia,2015,74,5.399
109,Iran,2015,110,4.686
104,Iran,2016,105,4.813
111,Iraq,2016,112,4.575
111,Iraq,2015,112,4.677
18,Ireland,2016,19,6.907
17,Ireland,2015,18,6.94
10,Israel,2016,11,7.267
10,Israel,2015,11,7.278
49,Italy,2015,50,5.9479999999999995
49,Italy,2016,50,5.977
150,Ivory Coast,2015,151,3.655
138,Ivory Coast,2016,139,3.9160000000000004
64,Jamaica,2015,65,5.709
72,Jamaica,2016,73,5.51
52,Japan,2016,53,5.921
45,Japan,2015,46,5.987
79,Jordan,2016,80,5.303
81,Jordan,2015,82,5.192
53,Kazakhstan,2015,54,5.855
53,Kazakhstan,2016,54,5.919
124,Kenya,2015,125,4.419
121,Kenya,2016,122,4.356
68,Kosovo,2015,69,5.5889999999999995
76,Kosovo,2016,77,5.401
40,Kuwait,2016,41,6.239
38,Kuwait,2015,39,6.295
76,Kyrgyzstan,2015,77,5.2860000000000005
84,Kyrgyzstan,2016,85,5.185
101,Laos,2016,102,4.876
98,Laos,2015,99,4.876
67,Latvia,2016,68,5.56
88,Latvia,2015,89,5.098
92,Lebanon,2016,93,5.129
102,Lebanon,2015,103,4.8389999999999995
96,Lesotho,2015,97,4.898
115,Liberia,2015,116,4.571000000000001
149,Liberia,2016,150,3.622
62,Libya,2015,63,5.754
66,Libya,2016,67,5.615
59,Lithuania,2016,60,5.813
55,Lithuania,2015,56,5.832999999999999
16,Luxembourg,2015,17,6.946000000000001
19,Luxembourg,2016,20,6.871
94,Macedonia,2016,95,5.121
92,Macedonia,2015,93,5.007
146,Madagascar,2015,147,3.681
147,Madagascar,2016,148,3.695
131,Malawi,2016,132,4.156000000000001
130,Malawi,2015,131,4.292
46,Malaysia,2016,47,6.005
60,Malaysia,2015,61,5.77
137,Mali,2015,138,3.995
134,Mali,2016,135,4.073
29,Malta,2016,30,6.4879999999999995
36,Malta,2015,37,6.3020000000000005
129,Mauritania,2016,130,4.2010000000000005
123,Mauritania,2015,124,4.436
65,Mauritius,2016,66,5.648
70,Mauritius,2015,71,5.477
20,Mexico,2016,21,6.778
13,Mexico,2015,14,7.187
54,Moldova,2016,55,5.897
51,Moldova,2015,52,5.888999999999999
100,Mongolia,2016,101,4.907
99,Mongolia,2015,100,4.874
87,Montenegro,2016,88,5.1610000000000005
82,Montenegro,2015,82,5.192
91,Morocco,2015,92,5.013
89,Morocco,2016,90,5.151
93,Mozambique,2015,94,4.971
128,Myanmar,2015,129,4.3069999999999995
118,Myanmar,2016,119,4.395
112,Namibia,2016,113,4.574
120,Nepal,2015,121,4.513999999999999
106,Nepal,2016,107,4.793
6,Netherlands,2016,7,7.3389999999999995
6,Netherlands,2015,7,7.377999999999999
7,New Zealand,2016,8,7.334
8,New Zealand,2015,9,7.2860000000000005
47,Nicaragua,2016,48,5.992000000000001
56,Nicaragua,2015,57,5.827999999999999
141,Niger,2016,142,3.8560000000000003
143,Niger,2015,144,3.845
102,Nigeria,2016,103,4.875
77,Nigeria,2015,78,5.268
61,North Cyprus,2016,62,5.771
65,North Cyprus,2015,66,5.695
3,Norway,2015,4,7.522
3,Norway,2016,4,7.497999999999999
21,Oman,2015,22,6.853
80,Pakistan,2015,81,5.194
91,Pakistan,2016,92,5.132000000000001
107,Palestinian Territories,2016,108,4.754
107,Palestinian Territories,2015,108,4.715
24,Panama,2016,25,6.7010000000000005
24,Panama,2015,25,6.7860000000000005
52,Paraguay,2015,53,5.877999999999999
69,Paraguay,2016,70,5.537999999999999
63,Peru,2016,64,5.742999999999999
57,Peru,2015,58,5.824
89,Philippines,2015,90,5.073
81,Philippines,2016,82,5.279
56,Poland,2016,57,5.835
59,Poland,2015,60,5.791
93,Portugal,2016,94,5.122999999999999
87,Portugal,2015,88,5.102
14,Puerto Rico,2016,15,7.039
35,Qatar,2016,36,6.375
27,Qatar,2015,28,6.611000000000001
70,Romania,2016,71,5.528
85,Romania,2015,86,5.124
55,Russia,2016,56,5.856
63,Russia,2015,64,5.716
151,Rwanda,2016,152,3.515
153,Rwanda,2015,154,3.465
33,Saudi Arabia,2016,34,6.379
34,Saudi Arabia,2015,35,6.4110000000000005
127,Senegal,2016,128,4.218999999999999
141,Senegal,2015,142,3.904
86,Serbia,2015,87,5.122999999999999
85,Serbia,2016,86,5.1770000000000005
110,Sierra Leone,2016,111,4.635
122,Sierra Leone,2015,123,4.507
21,Singapore,2016,22,6.739
23,Singapore,2015,24,6.797999999999999
44,Slovakia,2016,45,6.077999999999999
44,Slovakia,2015,45,5.995
62,Slovenia,2016,63,5.768
54,Slovenia,2015,55,5.848
75,Somalia,2016,76,5.44
96,Somaliland Region,2016,97,5.0569999999999995
90,Somaliland region,2015,91,5.0569999999999995
112,South Africa,2015,113,4.6419999999999995
115,South Africa,2016,116,4.459
57,South Korea,2016,57,5.835
46,South Korea,2015,47,5.984
142,South Sudan,2016,143,3.832
36,Spain,2016,37,6.361000000000001
35,Spain,2015,36,6.329
131,Sri Lanka,2015,132,4.271
116,Sri Lanka,2016,117,4.415
117,Sudan,2015,118,4.55
132,Sudan,2016,133,4.138999999999999
39,Suriname,2016,40,6.269
39,Suriname,2015,40,6.269
100,Swaziland,2015,101,4.867
7,Sweden,2015,8,7.364
9,Sweden,2016,10,7.291
0,Switzerland,2015,1,7.587000000000001
1,Switzerland,2016,2,7.5089999999999995
155,Syria,2015,156,3.0060000000000002
155,Syria,2016,156,3.069
37,Taiwan,2015,38,6.297999999999999
34,Taiwan,2016,34,6.379
99,Tajikistan,2016,100,4.996
105,Tajikistan,2015,106,4.7860000000000005
148,Tanzania,2016,149,3.6660000000000004
145,Tanzania,2015,146,3.781
33,Thailand,2015,34,6.455
32,Thailand,2016,33,6.474
154,Togo,2016,155,3.303
157,Togo,2015,158,2.839
42,Trinidad and Tobago,2016,43,6.167999999999999
40,Trinidad and Tobago,2015,41,6.167999999999999
106,Tunisia,2015,107,4.739
97,Tunisia,2016,98,5.045
77,Turkey,2016,78,5.388999999999999
75,Turkey,2015,76,5.332000000000001
64,Turkmenistan,2016,65,5.6579999999999995
69,Turkmenistan,2015,70,5.547999999999999
145,Uganda,2016,145,3.739
140,Uganda,2015,141,3.931
122,Ukraine,2016,123,4.324
110,Ukraine,2015,111,4.681
19,United Arab Emirates,2015,20,6.901
27,United Arab Emirates,2016,28,6.5729999999999995
22,United Kingdom,2016,23,6.725
20,United Kingdom,2015,21,6.867000000000001
14,United States,2015,15,7.119
12,United States,2016,13,7.104
28,Uruguay,2016,29,6.545
31,Uruguay,2015,32,6.485
48,Uzbekistan,2016,49,5.987
43,Uzbekistan,2015,44,6.002999999999999
43,Venezuela,2016,44,6.084
22,Venezuela,2015,23,6.81
74,Vietnam,2015,75,5.36
95,Vietnam,2016,96,5.061
146,Yemen,2016,147,3.7239999999999998
135,Yemen,2015,136,4.077
84,Zambia,2015,85,5.129
105,Zambia,2016,106,4.795
130,Zimbabwe,2016,131,4.1930000000000005
114,Zimbabwe,2015,115,4.61
